{
  "10": 278.8783321380615,
  "50": 319.91375613212585,
  "100": 347.3244652748108,
  "200": 309.5279235839844
}