{
  "truth_time": 0.006383419036865234,
  "experiments": [
    {
      "size": 10,
      "cte": {
        "build_time": 668.3574066162109,
        "shap_time": 0.002325296401977539,
        "total_time": 668.3597319126129,
        "mae_global": 4.879499763887984e-05,
        "mae_local": 0.00010494560217057239,
        "speedup_vs_truth": 2.745206603096483
      },
      "random": {
        "build_time": 0.0,
        "shap_time": 0.001383066177368164,
        "total_time": 0.001383066177368164,
        "mae_global": 7.913496585693725e-05,
        "mae_local": 0.0001267802200636891,
        "speedup_vs_truth": 4.615411136011033
      }
    },
    {
      "size": 50,
      "cte": {
        "build_time": 731.4648659229279,
        "shap_time": 0.004752159118652344,
        "total_time": 731.4696180820465,
        "mae_global": 3.807025523441777e-05,
        "mae_local": 5.696646654587058e-05,
        "speedup_vs_truth": 1.3432671081677705
      },
      "random": {
        "build_time": 0.0,
        "shap_time": 0.003329038619995117,
        "total_time": 0.003329038619995117,
        "mae_global": 4.0760532921039596e-05,
        "mae_local": 6.548187976579466e-05,
        "speedup_vs_truth": 1.9174962400630238
      }
    },
    {
      "size": 100,
      "cte": {
        "build_time": 0.08057522773742676,
        "shap_time": 0.007180690765380859,
        "total_time": 0.08775591850280762,
        "mae_global": 3.25419421878285e-05,
        "mae_local": 6.50216421160598e-05,
        "speedup_vs_truth": 0.8889700511322133
      },
      "random": {
        "build_time": 0.0,
        "shap_time": 0.005946636199951172,
        "total_time": 0.005946636199951172,
        "mae_global": 5.157667555260312e-05,
        "mae_local": 7.728731846025795e-05,
        "speedup_vs_truth": 1.0734504049394595
      }
    },
    {
      "size": 200,
      "cte": {
        "build_time": 0.021317005157470703,
        "shap_time": 0.007575511932373047,
        "total_time": 0.02889251708984375,
        "mae_global": 3.274389561706794e-05,
        "mae_local": 6.043901651919792e-05,
        "speedup_vs_truth": 0.8426386353622458
      },
      "random": {
        "build_time": 0.0,
        "shap_time": 0.006070375442504883,
        "total_time": 0.006070375442504883,
        "mae_global": 6.779232918220733e-05,
        "mae_local": 0.0001400033437493714,
        "speedup_vs_truth": 1.051569066415302
      }
    }
  ]
}