{
  "truth_time": 0.004780769348144531,
  "experiments": [
    {
      "size": 10,
      "cte": {
        "build_time": 0.012510299682617188,
        "shap_time": 0.0005805492401123047,
        "total_time": 0.013090848922729492,
        "mae_global": 5.3700364980518e-05,
        "mae_local": 0.00015974243861162327,
        "speedup_vs_truth": 8.234907597535935
      },
      "random": {
        "build_time": 0.0,
        "shap_time": 0.0005252361297607422,
        "total_time": 0.0005252361297607422,
        "mae_global": 7.913496585693725e-05,
        "mae_local": 0.0001267802200636891,
        "speedup_vs_truth": 9.10213345438039
      }
    },
    {
      "size": 50,
      "cte": {
        "build_time": 0.01283574104309082,
        "shap_time": 0.0031745433807373047,
        "total_time": 0.016010284423828125,
        "mae_global": 5.400534195267248e-05,
        "mae_local": 0.00010371323770766899,
        "speedup_vs_truth": 1.505970709725873
      },
      "random": {
        "build_time": 0.0,
        "shap_time": 0.003151416778564453,
        "total_time": 0.003151416778564453,
        "mae_global": 4.0760532921039596e-05,
        "mae_local": 6.548187976579466e-05,
        "speedup_vs_truth": 1.5170222423967317
      }
    },
    {
      "size": 100,
      "cte": {
        "build_time": 0.00830841064453125,
        "shap_time": 0.005213022232055664,
        "total_time": 0.013521432876586914,
        "mae_global": 3.25419421878285e-05,
        "mae_local": 6.50216421160598e-05,
        "speedup_vs_truth": 0.91708209467185
      },
      "random": {
        "build_time": 0.0,
        "shap_time": 0.004430055618286133,
        "total_time": 0.004430055618286133,
        "mae_global": 5.157667555260312e-05,
        "mae_local": 7.728731846025795e-05,
        "speedup_vs_truth": 1.0791668909100693
      }
    },
    {
      "size": 200,
      "cte": {
        "build_time": 0.009389877319335938,
        "shap_time": 0.004773139953613281,
        "total_time": 0.014163017272949219,
        "mae_global": 3.274389561706794e-05,
        "mae_local": 6.043901651919792e-05,
        "speedup_vs_truth": 1.0015984015984016
      },
      "random": {
        "build_time": 0.0,
        "shap_time": 0.006142377853393555,
        "total_time": 0.006142377853393555,
        "mae_global": 6.779232918220733e-05,
        "mae_local": 0.0001400033437493714,
        "speedup_vs_truth": 0.7783255055700035
      }
    }
  ]
}