{
  "n_explain_per_batch": 50,
  "experiments": [
    {
      "size": 10,
      "t_cte_shap": 14.510712385177612,
      "t_rand_shap": 14.823956489562988,
      "build_time": 278.8783321380615,
      "delta": 0.313244104385376,
      "n_star_batches": 890.2907612108314,
      "n_star_samples": 44514.53806054157
    },
    {
      "size": 50,
      "t_cte_shap": 23.879241704940796,
      "t_rand_shap": 24.3929922580719,
      "build_time": 319.91375613212585,
      "delta": 0.5137505531311035,
      "n_star_batches": 622.7025045177662,
      "n_star_samples": 31135.12522588831
    },
    {
      "size": 100,
      "t_cte_shap": 35.54249715805054,
      "t_rand_shap": 37.11715078353882,
      "build_time": 347.3244652748108,
      "delta": 1.5746536254882812,
      "n_star_batches": 220.57197827687955,
      "n_star_samples": 11028.598913843978
    },
    {
      "size": 200,
      "t_cte_shap": 56.24121713638306,
      "t_rand_shap": 58.788710832595825,
      "build_time": 309.5279235839844,
      "delta": 2.5474936962127686,
      "n_star_batches": 121.50292031895665,
      "n_star_samples": 6075.146015947833
    }
  ]
}